node_type,x,y
depot,79382.50000000041,9572.500000000047
