level,porosity,ice_fraction,ice_area_km2,depth_m,ice_volume_m3,water_mass_kg,water_mass_Mt,eps_birchak,eps_maxwell_garnett
low,0.4,0.4,2.84,5.0,5680000.0,5208560000.0,5.20856,2.875839990856098,2.8741935483870966
central,0.5,0.5,2.84,5.0,7100000.0,6510700000.0,6.5107,2.920666657141769,2.9189189189189184
high,0.6,0.6,2.84,5.0,8520000.0,7812840000.0,7.81284,2.9658399908560984,2.9641304347826085
